phrase,valeur réelle,valeur prédite
VRAIS POSITIFS, , 
"Monsieur Rioux comprendre profondément le préoccupation de+le personnel de+le bibliothèque quant à+le conséquence possible de le fermeture sur le situation de+le auxiliaire et sur le aménagement de+le service mais lui se_expl déclarer choquer lorsque le délégation parler "" de absence de concertation "" .",D,D
"le BIATOS , à+le sein de le intersyndicale , voter contre le proposition .",D,D
"ce être pourquoi reprendre à son compte le avis donner par le C.N.E.S.E.R et le C.P.U , lui soi prononcer contre un tel système , inégalitaire de fixation de+le montant de+le droit de inscription "" .",D,D
"en le état actuel de+le information que nous posséder , le conseil de administration de le université Paris-X-Nanterre se_expl prononcer contre le aliénation de un partie de+le campus universitaire """,D,D
"lui trouver cela choquant , un chercheur pouvoir être très impliquer dans un laboratoire sans avoir enseigner .",D,D
Monsieur SEGALEN juger scandaleux le acte de destruction de+le mur à le aide de un bélier,D,D
lui estimer cela choquant car on faire comme si rien ne se_expl être passer .,D,D
lui ne être pas convaincre que le UFR utiliser davantage de chargé de cours professionnel extérieur .,D,D
il_expl être contre ce motion que lui estimer être de inspiration libéral .,D,D
"lui souhaiter voter contre le texte , y comprendre dans son nouveau rédaction , dans le mesure où lui exclure formellement le projet provenir de organisation syndical ou à caractère syndical .",D,D
Monsieur BORTOLUSSI estimer également invraisemblable que ce être le université qui organiser ce consultation .,D,D
Monsieur LAKS juger le débat être surréaliste .,D,D
"concerner le document relatif à+le tarif de location de+le terrain de tennis , Monsieur le PELLEC ajouter que lui être surprise que être présenter un document avec un logo de Nanterre sport alors que il_expl se_expl agir de location de terrain de le université Paris Ouest .",D,D
"lui dénoncer un parodie de concertation et informer le assemblée que le syndicat national être en désaccord avec le 20 proposition de le CPU , dont le président faire de ailleurs partie .",D,D
le enseignant ne être pas tout convaincre de+le bien fonder de un changement .,D,D
lui estimer donc contradictoire de vouloir faire voter à+le plus vite de+le réforme de organisation de fond de composante central ( SCUIO et CEP ) .,D,D
"Monsieur TAYEB se_expl dire choquer par le propos de+le président que lui juger « scandaleux et irresponsable » , « injuste » et « diffamatoire » .",D,D
Monsieur SOULIER être surprendre par le terme de « négociation » employer par Monsieur Estelle .,D,D
"lui mettre en garde contre un mécontentement qui aller augmenter , un fois que le collègue ne être plus dans le manifestation et le AG .",D,D
lui trouver cela très dommageable pour son université .,D,D
"nous tenir tout de abord à rappeler que nous être contre le principe de+le F.AV.E qui participer à le logique de désengagement financier de le état et qui viser à reporter sur le dos de+le étudiant , un certain nombre de coût , dont celui de le aide social .",D,D
lui préciser que le mouvement UNEF-ID voter contre ce projet de budget pour le motif suivant :,D,D
"enfin , lui souhaiter souligner son désaccord avec le politique actuel concernant le orientation de le recherche et le méthode suivre jusque là pour amorcer le débat sur le définition de+le pôle ( nomination de coordonnateur ) .",D,D
"M , CORNACCHIA estimer peu judicieux de mesurer le motivation de+le étudiant sur un critère financier .",D,D
lui ne estimer pas judicieux de segmenter ce réflexion qui être intimement lier .,D,D
lui ne trouver pas très sain de faire pression sur un partie de+le membre de le communauté universitaire pour avoir un voix de plus .,D,D
ce situation être fort regrettable .,D,D
lui se_expl dire choquer un disparité que lui constater .,D,D
Solidaires étudiant -e-s estimer donc anormal que aucun retour ne être possible sur le résultat de+le vote .,D,D
Monsieur LAKS trouver incongru le fait que parallèlement avoir être annoncer par Monsieur LEFEBVRE et Monsieur KREUTZER de+le discussion avec le INALCO .,D,D
lui trouver que ce ne être pas un bon idée pour le étudiant .,D,D
"lui estimer malhonnête de mêler à ce problème un question de liberté de expression qui si eux exister , devoir être poser en tant que tel .",D,D
"nous ne pouvoir que protester vigoureusement contre le menace faire à son bon fonctionnement , lorsque par le chantage on nous inciter à supprimer un poste dont , à+le su de tout , nous manquer déjà cruellement .",D,D
le UNEF voter contre car ce budget être un budget de pénurie : le Education devoir être un volonté de le état ;,D,D
Monsieur PUICHAUD-CHAUDOT estimer ce discussion stérile .,D,D
Monsieur Gay estimer que il_expl ne être pas normal de évoquer ce question en CA alors que on ne disposer pas de tout le information concernant ce incident .,D,D
le UNEF appeler à voter contre ce proposition et souhaiter un suspension de séance .,D,D
lui appeler donc à voter contre pour le raison que Monsieur SEIDENGART avoir avancer et à+le regard de+le spécificité de ce université que lui convenir de afficher .,D,D
"à+le nom de le UNEF-ID , Mademoiselle PARADIS soi déclarer contre un projet de implantation à Cergy-Pontoise sauf garantie sur le avenir , ( création de un 2e cycle ) .",D,D
lui se_expl dire dubitatif sur le intérêt de le université de Paris Nanterre à soi inscrire dans le cadre de+le Campus Condorcet .,D,D
Monsieur BURGAUD juger ce politique injuste et antisocial .,D,D
"Monsieur le Van se_expl dire peu convaincre par ce démonstration , qui tendre à dire que certain UFR ne avoir pas avoir le temps de effectuer le saisie .",D,D
"dans le mesure où lui estimer être en désaccord profond avec le orientation de+le ministère en matière de recherche , de politique public et de financement un université , lui vouloir utiliser le occasion de ce vote pour manifester son désaccord sans toutefois vouloir désavouer le travail de élaboration budgétaire qui avoir être faire .",D,D
le personnel ATOS avoir être surprendre par le ampleur prendre par ce événement .,D,D
Monsieur COULOUMA constater un désaccord en matière de stratégie .,D,D
"Monsieur BRECHET considérer davantage hypocrite de invoquer le image de le université pour justifier le maintien de ce filière , à+le regard de+le condition qui être le sien .",D,D
"par ailleurs , lui être contre un question qui être « pour ou contre le blocage » .",D,D
Monsieur TIXIER DU MESNIL estimer que il_expl être injuste de proposer un diplôme de niveau bac+2 à un étudiant ne avoir suivre que un an de étude .,D,D
"lui voter donc contre , tout en être conscient de+le manque de local .",D,D
Monsieur LEFEBVRE et Monsieur Gay se_expl prononcer contre ce proposition de amendement en ce que lui être illégal .,D,D
Monsieur HERRENSCHMIDT demander ce qui être prévoir si le CNRS considérer que le convention être inacceptable .,D,D
"il_expl être donc de autant plus regrettable que le demande de+le CRL dans le cadre de le campagne emploi 2017 , porter sur deux poste PRAG et un poste de maître de conférence , avoir de nouveau être refuser .",D,D
Monsieur BRECHET se_expl dire surprendre que le universitaire qui avoir veiller à transmettre le fiche de renseignement de+le UFR et à mettre en œuvre ce texte se_expl prononcer à présent contre .,D,D
Monsieur BOUTILLIER se_expl dire surprendre que le demande de regroupement un économiste ne apparaître pas .,D,D
"Monsieur COULOUMA estimer que il_expl être problématique de valider le création de poste dont le rattachement englober tant de discipline ( Lea , LCE , Humanité et SSA ) .",D,D
"par ailleurs , Monsieur Pierre se_expl dire surprendre de le information donner par Monsieur EFFOSSE sur le contrat doctorant handicap et souhaiter avoir plus de information à ce sujet .",D,D
le SGEN se_expl élever contre le politique de+le fait accompli suivre depuis un long mois par le promoteur de+le projet .,D,D
dès lors Monsieur LABICA voter contre .,D,D
"par ailleurs , lui être contre le idée de calendrier différencier selon le UFR , de+le fait de le interdisciplinarité grandissant .",D,D
le UNEF appeler à voter contre le tarif proposer .,D,D
le UNEF voter contre ce proposition de tarif .,D,D
lui trouver dommage que cela se_expl faire sans Paris Ouest .,D,D
"lui appeler , à+le nom de+le SNESUP , à voter contre tout texte qui inclurer un engagement subreptice à un changement de calendrier .",D,D
Monsieur LEGRAND faire part de son désaccord .,D,D
Monsieur BLAIS ne être pas convaincre par le explication de Monsieur CROWLEY sur le maquette SSA .,D,D
lui voter contre le financement proposer uniquement à cause de ce projet .,D,D
Monsieur PUICHAUD-CHAUDOT estimer que il_expl ne être pas opportun de rappeler le fonction professionnel de+le deux candidat .,D,D
Mlle Mary indiquer que Cultur'PX soi prononcer contre ce projet de diplôme notamment de+le fait de le sélection avant le niveau M1 .,D,D
Monsieur DUPUIS sembler choquer que le taxe de apprentissage être utiliser par le master de Monsieur ZADJENWEBER pour rémunérer quelqu'un et affirmer que il_expl être plus opportun de acheter du matériel pour le étudiant .,D,D
lui estimer anormal que le syndicat F.0 ne être pas représenter .,D,D
"Monsieur GUTTINGER se_expl estimer gêner par le fait que un handicapé être contraindre , à chaque début de année universitaire , de recommencer le procédure .",D,D
"Monsieur Croix estimer que il_expl être problématique que certain produit , notamment le disque dur , être nettement plus cher dans le cadre de+le marché de le université Paris Ouest Nanterre .",D,D
"Monsieur TRABELSI faire part de son désaccord sur ce disposition dans le mesure où lui être selon lui , dans le mission de le université de assurer gratuitement le nécessaire remise à niveau en français un étudiant étranger .",D,D
Monsieur AUDEOUD estimer par ailleurs intolérable que Monsieur TALLINEAU pouvoir imaginer que lui avoir faire un « deal » sur ce affaire et que lui lui accuser de être un manipulateur .,D,D
R. FISCHER ne être pas complètement convaincre par le proposition de schéma directeur .,D,D
lui ne trouver pas admissible de réunir dans un même lieu deux catégorie de étudiant qui ne passer pas le même épreuve .,D,D
Monsieur RODRIGUEZ soi dire en désaccord avec le position de+le étudiant mais aussi avec le solution proposer ;,D,D
"il_expl ne y avoir aucun volonté politique , mais Monsieur de ARMAGNAC être décider à voter contre ce projet de budget .",D,D
Monsieur TAYEB estimer regrettable de ne pas réussir à soi mettre de accord à+le CA .,D,D
"eux appeler à voter contre , considérer que cela créer un précédent et transformer le université en un sorte de agence de moyen qui distribuer un label de crédit scientifique à un petit entreprise .",D,D
"Monsieur EL GHOZI juger excessif le écart de tarif proposer par le équipe en charge de+le SUAPS , entre le étudiant de le UPOND , de un part , et le étudiant extérieur à le université , de autre part .",D,D
Monsieur AUDEOUD se_expl dire excéder par le situation actuel .,D,D
Monsieur TIXIER de+le MESNIL juger étonnant que le étudiant ne être présent que quatre mois par an sur son campus respectif .,D,D
"en conclusion , le président rappeler son position : lui se_expl être toujours prononcer contre un augmentation inconsidérer de+le droit étudiant .",D,D
Monsieur COUCHEZ faire part de son désaccord quant à le multiplication de+le procédure contre le université ;,D,D
le UNEF appeler à voter contre le budget dans tout le université .,D,D
"cependant , lui mettre en garde sur le fait que le usage de le gare de Nanterre-Université aller être modifier momentanément dans le année à venir de+le fait de+le lourd travaux envisager .",D,D
"moi mettre en garde tout le communauté universitaire contre un campagne de presse qui , risquer de paralyser son institution , discréditer son université .",D,D
"Monsieur BRUANT exprimer son désaccord sur le avis développer par Monsieur FROISSART : lui considérer par exemple justifier de mettre le pratique de APS dans le catégorie de+le travaux pratique , lui réfuter que le conseil de le UFR APS avoir voter un second proposition par rapport à+le habilitation de diplôme .",D,D
Mlle David et Monsieur QUIRANTE faire part de son accord quant à le exonération de+le droit pour le étudiant boursier et quant à le nécessité de le affectation effectif de+le recette de+le droit à le IEJ mais voter contre le augmentation de+le droit ;,D,D
"pour autant , lui exprimer son désaccord avec le politique national de inscription de+le étudiant étranger et avec le test de français .",D,D
"Monsieur ZEMMOUR juger ce tarif très élevé , ce qui risquer de dissuader le candidature .",D,D
Monsieur AUDEOUD se_expl dire surprendre de+le discours de Monsieur LAKS .,D,D
Monsieur VIGIER être choquer par le réaction de Monsieur DARRIULAT .,D,D
Monsieur POLIT être très étonner de voir que deux unité remporter 20 % de+le allocation puisque le laboratoire être intéresser par le allocation doctoral .,D,D
Monsieur BOUVIALA estimer insultant le propos de Monsieur Fouque ;,D,D
lui comprendre le transmission de le demande mais lui trouver malvenu car lui pouvoir créer un inégalité entre le association .,D,D
"Monsieur CHUMIATCHER proposer un vote indicatif sur le augmentation de+le droit de inscription , lui tenir à préciser que le étudiant être contre un augmentation de+le droit , mais cela ne vouloir pas dire que eux être contre le fait que le université se_expl doter de moyen supplémentaire .",D,D
Monsieur COSTE estimer risible de dépenser 14 000 euro pour un changement de nom .,D,D
"enfin , lui se_expl dire surprendre de le demande concernant le subvention à+le association étudiant .",D,D
"lui réitérer son désaccord sur un vote uniquement sur le blocage , pour un raison différent de Monsieur TALLINEAU .",D,D
Monsieur LABICA souligner que il_expl être regrettable que le discussion sous-estimer de fait le travail effectuer par Monsieur SIOUDAN et Monsieur GUILLARD .,D,D
Monsieur Mary se_expl déclarer surprendre que le jury ne comprendre pas un représentant un étudiant .,D,D
"en ce qui concerner le réhabilitation de+le local et le restructuration , lui juger le mesure actuel largement insuffisant .",D,D
"moi être surprendre de lire dans "" le monde "" dater de+le 1er novembre 1989 , page 16 , un annonce qui risquer de moi mettre en difficulté devant le conseil de administration de son université , alors que moi croire avoir tout faire pour que lui ne en être pas ainsi .",D,D
lui juger cela inadmissible .,D,D
Monsieur LEGRAND faire part de son désaccord .,D,D
Monsieur SALLMANN faire part de son désaccord avec Monsieur DESMELIERS : le travaux de le CB être approfondir ;,D,D
il_expl être regrettable que un personnel fortement investir dans le mise en œuvre de le politique décider par le établissement en arriver à envisager un démission général .,D,D
"se_expl agir de+le CNRS , il_expl être regrettable de lui présenter comme un aspect négatif de+le dossier .",D,D
il_expl être regrettable de limiter le lutte contre le discrimination à le communication et à le exemplarité .,D,D
Monsieur DESMELIERS indiquer que le UNEF voter contre ce budget qui procurer un moyen insuffisant .,D,D
Mademoiselle COURAU trouver scandaleux que le taux réduit disparaître .,D,D
"Monsieur G. ESNAULT estimer intéressant le projet de capitalisation de+le module , mais souhaiter que un tronc commun plus large être prévoir pour le étudiant de 1ère année .par ailleurs , lui être hostile à le suppression de le session de rattrapage de septembre .",D,D
"le membre ici présent pouvoir éventuellement statuer sur le question de+le classement , encore que il_expl ne y avoir aucun document , mais lui trouver anormal de voter aujourd'hui le ensemble de+le modalité de contrôle , sans document et avec un décision de report à+le CEVU .",D,D
Monsieur Chapet être étonner que être privilégier le recrutement de ATER à+le détriment de MCF .,D,D
"Monsieur GIBERT mettre en garde devant le diversification "" tout azimut "" de+le activité et de+le formation "" qui ne faire que soi cannibaliser "" : un formation nouveau qui ne faire que prendre un étudiant à un formation existant coûter cher , tandis que celui qui amener un étudiant supplémentaire rapporter un fonds .",D,D
"Monsieur Rioux et Monsieur QUIRANTE estimer anormal que le règle de contrôle différent de un UFR à le autre , et considérer que un règle uniforme devoir se_expl appliquer .",D,D
lui trouver le contrat léonin et être outrer par le article 4 :,D,D
Monsieur Robert soi prononcer contre le principe de+le service civique et contre le projet .,D,D
Monsieur Croix estimer que ce convention se_expl révéler stupéfiant .,D,D
""" le conseil de administration de Paris X- Nanterre se_expl prononcer contre un bouleversement de+le institution de le université , un abrogation trop rapide de le Loi Savary .",D,D
"Monsieur TRABELSI constater que un seul semaine être prévoir à+le vacance de printemps , estimer cela préjudiciable à+le étudiant pour le préparation de son examen , lui voter contre ce calendrier .",D,D
"Monsieur RENVERSEZ faire remarquer que ce pratique lui sembler injuste compte tenir de le diversité de+le revenu de+le personnel , mais que il_expl être très délicat de fixer un limite à+le delà de lequel ce disposition ne pouvoir se_expl appliquer .",D,D
"Mademoiselle COURAU estimer problématique que le président souhaiter passer à+le RCE bien avant le date butoir , savoir que lui soi être faire élire sur un programme anti-LRU .",D,D
Monsieur BAHMANI faire part de son désaccord quant à ce solution et estimer le calendrier proposer comme être le moins mauvais solution .,D,D
Monsieur AUDEOUD estimer scandaleux que selon le tête de+le gens certain pouvoir rentrer et de autre pas .,D,D
"à ce égard , lui indiquer de ores et déjà que lui voter contre le tarif proposer ce jour .",D,D
"lui juger inadmissible que lui avoir falloir un occupation par un militant de le UNEF , pour obtenir un tente étanche .",D,D
le UNEF appeler à voter contre le tarif proposer .,D,D
Monsieur Pommier être étonner que on ne parvenir pas à savoir combien de étudiant être pénaliser par ce changement .,D,D
le UNEF trouver dommage que il_expl y avoir moins de panneau que avant et souhaiter que il_expl y avoir un réglementation de+le panneau pour éviter le anarchie .,D,D
"lui souligner que le titulaire de ce société assurer un service de proximité pour le étudiant ( lui réagir très vite à+le panne de+le photocopieur ) , lui considérer anormal de lui léser de+le fait que lui ne être pas normatif notamment pour répondre à un consultation .",D,D
lui être pour son part hostile à le création de précédent .,D,D
FAUX POSITIFS, , 
cela pouvoir faire craindre le arrivée de groupe de militant sur le université .,A,D
pour : 21 ;,A,D
le préfet avoir être saisir à+le motif de risque de trouble à le ordre public .,A,D
"après concertation , siéger : trois élu UNEF -ID , deux élu AGEN-UNEF et un élu UNI )",A,D
Monsieur VOILLIOT exprimer son opposition et dénoncer ce procédé .,A,D
Monsieur PAIN déclarer ne avoir jamais entendre ce type de argumentation .,A,D
le règle qui se_expl y appliquer être celui de le comptabilité et de+le droit budgétaire public .,A,D
le cofinancement ne pouvoir se_expl faire que avec un participation de le état .,A,D
cela donner un plus grand poids à+le Langues dans le université .,A,D
Monsieur AUDEOUD déclarer que ce opportunité exister mais que le projet être dans le impasse à Paris III .,A,D
"Mlle Mary estimer que malgré cela , certain association avoir échapper à le concertation .",A,D
lui souhaiter que le session de examen à venir être conforme à+le calendrier voter .,A,D
"le lutte contre le échec pour le étudiant de premier année ,",A,D
"Monsieur MERCERON souhaiter en avoir le confirmation pour mettre fin à différent rumeur et vérifier si le capacité de accueil avoir réellement diminuer , sinon lui être incapable de juger en tout connaissance de cause de+le bon déroulement un inscription .",A,D
Monsieur Rioux demander que lui être indiquer page 12 que il_expl être possible de ‘avoir un autorisation de absence pour soigner un enfant handicapé .,A,D
Monsieur RODRIGUEZ remarquer que on toucher ici à+le financement de le université et que se_expl poser le question de son indépendance .,A,D
eux se_expl être dérouler correctement ;,A,D
lui réintégrer donc le université de Paris X où se_expl trouver son poste de enseignant .,A,D
"« nous étudiant de le université Paris X , nous déclarer très inquiet de le annonce de le installation de+le siège de+le FN à Nanterre .",A,D
Monsieur HIMY estimer que il_expl falloir exprimer son insatisfaction devant un tel situation .,A,D
VRAIS NÉGATIFS, , 
en effet le texte ne donner pas un indication clair : « parmi le organisation le plus représentatif à+le trois conseil » .,A,A
étudiant être en parfait cohérence avec le niveau bac + 5 .,A,A
"de autre part , le capacité de accueil déclarer dans ce discipline ne correspondre pas à+le possibilité réel de accueil .",A,A
"Monsieur Olivier de le ESTOILE ( suppléant : Monsieur Frédéric Brunet ) être élire membre de+le BCA à+le titre de+le personnalité extérieur , par consensus .",A,A
Mademoiselle FAVARO demander un précision concernant le collège étudiant .,A,A
maîtrise Lea portugais +langue B,A,A
Mademoiselle FAVARO proposer le candidature suivant :,A,A
lui regretter de ne pouvoir avoir accès à+le listing informatique .,A,A
"Monsieur PAIN ( suppléant : Monsieur ABECASSIS ) être élire membre de le commission de appel de offre à+le titre de+le enseignant , par consensus .",A,A
le G.I.P être financer à part égal par le administration central à+le moyen de un subvention et par le établissement à+le moyen de cotisation annuel .,A,A
enfin chaque année être lancer environ 10 vente par souscription .,A,A
Monsieur BOUTILLIER annoncer que Monsieur Lescure avoir faire acte de candidature à+le titre de+le enseignant de rang A .,A,A
Monsieur HANEN observer que ce centre ne désigner que un salle et atelier informatique gérer par le CRI .,A,A
le ministère être intéresser par le problème de+le capacité de accueil .,A,A
le université devoir vraisemblablement adapter ou modifier le calendrier universitaire pour permettre le validation de le année dans un condition satisfaisant .,A,A
"en Trésorerie , il_expl y avoir fin 1990 , 34 million en placement , dont 2 million CCP .",A,A
lui faire remarquer que il_expl ne y avoir pas dans le assemblée de représentant de un autre corps exercer un fonction de enseignement .,A,A
"Monsieur PUICHAUD-CHAUDOT préciser que certain bâtiment ne avoir pas encore recevoir un avis favorable de le commission , simplement parce que le processus ne être pas encore terminer .",A,A
"maîtrise LCE ( spécialisation allemand , espagnol , italien , russe )",A,A
"le compte financier 1990 être approuver à le unanimité de+le membre présent et représenter , moins 8 abstention .",A,A
1990 avoir être un année de développement et structuration de le entreprise .,A,A
le conseil exprimer son vote :,A,A
Monsieur MADEUF déclarer que tout le membre de+le CA avoir vocation à faire partie de ce section très encadrer et qui ne donner pas forcément dans le tout répressif .,A,A
un représentant un usager ;,A,A
lui être composer de dix- neuf membre ;,A,A
Monsieur LABICA demander comment interagir le test en ligne avec le test existant ( TCF ) .,A,A
"le conseil de administration avoir approuver à le majorité de+le membre présent ou représenter le procès-verbal de+le conseil de administration du 28 janvier 2008 , sous réserve un modification apporter :",A,A
Monsieur PRIOU rappeler que tout le acteur de le communauté universitaire avoir être consulter dans le élaboration de ce contrat quadriennal .,A,A
le bâtiment être terminer vers Pâques .,A,A
Monsieur BOUTILLIER proposer un tirage à+le sort parmi le personne volontaire .,A,A
UNI : 3,A,A
le vacation représenter 1 million 2 de dépense de personnel par mois .,A,A
pour : 26 ;,A,A
abstention : 4 .,A,A
"le texte ne prévoir par le désignation de personnel IATOS à le commission social de etablissement mais il_expl être évident que un certain nombre de entre eux siéger en qualité de expert ( secrétaire général , scolarité , inscription , bourse ) ainsi que le vice-président charger de+le conseil de+le Etudes et de le vie universitaire et le chargé de mission qui suivre le dossier de bourse .",A,A
le capacité de accueil ne avoir pas changer entre 1990 et 1991 .,A,A
"Monsieur Auriat souligner le urgence de ce élection , un section disciplinaire devoir soi réunir dans le plus bref délai .",A,A
abstention : 1 .,A,A
( appellation actuel ;,A,A
"renouvellement avec changement de direction , et changement de intituler",A,A
renouvellement avec changement de direction et changement de intituler ( appellation actuel : banque et finance ),A,A
Monsieur MADEUF évoquer un autre solution : partir de+le principe que un élu suffire pour être représentatif .,A,A
Monsieur Gay déclarer que lui aller soi pencher sur ce question .,A,A
"lui préciser que à+le vu de ce qui avoir être dire précédemment , le BCA ne pouvoir être comparer à+le autre commission qui aller tout traiter de point particulier .",A,A
trois membre enseignant devoir être désigner .,A,A
activité éditorial et rapport avec le université de Paris X :,A,A
"généralement difficile , ce ouvrage entraîner un immobilisation financier parfois long , et un risque financier .",A,A
Monsieur MADEUF annoncer que ce mise en ligne être prévoir .,A,A
le BCA devoir refléter le sensibilité majoritaire et respecter le vote de+le électeur .,A,A
Monsieur SOULIER accepter un tirage à+le sort à condition que tout le concerner y participer .,A,A
"le suppléant : Monsieur BOUT DE MARHNAC , Mlle PION , Monsieur GUICHARD-REIN .",A,A
"Monsieur MONIN et Monsieur BLAIS être élire membre de le commission électoral à+le titre de+le enseignant de rang B , par consensus .",A,A
lui demander ce que être le UMR 70-41,A,A
ce être un véritable « tribunal » guider par un texte et accepter par tout le université .,A,A
"à le sortie de son cursus , le",A,A
"être élire membre de le commission budgétaire à+le titre de+le membre enseignant Monsieur COQUELET , Monsieur ABECASSIS , Monsieur CONTARINI .",A,A
"Monsieur MADEUF indiquer que le VP de+le CA , membre de le équipe présidentiel par ailleurs , ne devoir pas être dans un position dominant par rapport à+le CA .",A,A
le permis de construire avoir être déposer en juillet 2005 et le ouverture être prévoir en septembre 2008 .,A,A
Monsieur le PELLEC déclarer que ce liste refléter un bon ciblage recherche .,A,A
"Monsieur MOUTEL indiquer que le programme informatique , tel que lui être concevoir , ne permettre pas de dissocier le droit .",A,A
Monsieur Auriat déclarer que il_expl falloir procéder en fonction de+le nombre de siège attribuer à chaque liste à le issue de+le dernier élection .,A,A
Monsieur JACQUET présenter le deux DESS :,A,A
Monsieur AUDEOUD demander que ce modification être apporter .,A,A
lui lui sembler indispensable de trouver un nouveau manière de débattre afin de servir un même ambition pour le établissement .,A,A
"Monsieur le PELLEC rappeler que lui avoir faire part de son position un peu plus haut et avoir faire connaître le compétence que lui pouvoir mettre à disposition de le communauté universitaire , notamment à+le sein de le commission budgétaire .",A,A
le conseil de administration adopter à le majorité de+le membre présent ou représenter le règlement intérieur de le bibliothèque universitaire sur le aménagement et le réduction de+le temps de travail .,A,A
Monsieur MADEUF annoncer que lui proposer un VP de+le CA dans ce configuration lors de le prochain séance .,A,A
Monsieur MULLER : relation avec le entreprise ;,A,A
pour : 19 ;,A,A
"tout le norme de sécurité avoir être respecter ( secouriste , pompier et ambulance ) .",A,A
"pour tout le composante , apparaître le résultat de le exercice avec le déficit et le excédent .",A,A
eux devoir être élire à le majorité de+le suffrage exprimer de le ensemble de+le membre élire présent ou représenter de+le conseil .,A,A
"Monsieur DEMALDENT et Monsieur TRAIN être élire membre de le commission électoral à+le titre de+le enseignant de rang A , par consensus .",A,A
le bâtiment D.D :,A,A
Monsieur BOUTILLIER demander un suspension de séance afin que le enseignant pouvoir soi concerter .,A,A
Mademoiselle FAVARO demander si le VP charger de+le CA avoir un autre fonction à+le CA que celui de remplacer le président en cas de absence .,A,A
pour : 21 ; abstention : 2 .,A,A
le mairie être en train de créer ce dossier .,A,A
le président préciser que le membre de le CAO devoir être membre de+le CA .,A,A
"il_expl se_expl agir de promouvoir le développement et le diffusion de le culture et , en particulier , le développement de le enseignement supérieur et de le recherche scientifique , technologique et social .",A,A
"Monsieur CELLIER être élire membre de le section disciplinaire compétent à le égard de+le usager à+le titre de+le maître de conférence , par consensus .",A,A
formation à+le activité physique et sportif .,A,A
ce être le prolongement de le maîtrise de science de gestion qui avoir être créer le année dernier .,A,A
Monsieur AUDEOUD expliquer que lui manquer 5000 logement sur le secteur de le université .,A,A
"ce total rapprocher de+le 2,1 million disponible illustrer le difficulté de "" boucler "" le budget initialement arrêter .",A,A
le conseil de administration avoir approuver à le majorité de son membre présent ou représenter le liste de+le membre élire de+le BCA :,A,A
le rectification de le évaluation et de+le prévision de recette et dépense inscrire à certain chapitre en fonction de le réalisation effectif .,A,A
Monsieur AUDEOUD demander que ce demande être intégrer .,A,A
"le PRESIDENT rappeler que le sectorisation être établir par le rectorat et que le procédure de affectation de+le étudiant avoir être communiquer tardivement à+le université , ce qui expliquer le retard de ce année .",A,A
le conseil de administration de Paris X devoir donc soi prononcer sur le adhésion de le université à+le G.I.G.U.E et sur le principe de un participation financier .,A,A
"sur le 3 125 000 r lier , 1 125 000 être préaffecter : 700 000 à+le Bibliothèques",A,A
gestion financier .,A,A
approuver à le unanimité de+le membre présent et représenter .( cf annexe ) .,A,A
refus de vote : 1,A,A
"ainsi , compte tenir un responsabilité que lui être susceptible de avoir à+le sein de ce commission et que lui avoir déjà en tant que directrice de UFR et directrice de équipe de accueil de laboratoire , lui ne pouvoir se_expl investir dans un autre commission .",A,A
science et génie de+le matériau ; et hygiène sécurité et environnement .,A,A
lui se_expl présenter à le commission budgétaire .,A,A
Monsieur ABECASSIS : 21 voix,A,A
le intégration à+le budget de le exercice courant un résultat de le exercice précédent et différent report de crédit .,A,A
"le conseil pouvoir voter un motion de défiance , mais Monsieur DENEUX se_expl refuser à communiquer de façon systématique de+le document qui devoir être manier avec précaution .",A,A
rapport de+le Publications - Editions de le espace européen :,A,A
"ainsi , Monsieur MADEUF , nous vous soutenir dans le ensemble de+le démarche politique et administratif que vous entreprendre afin de mettre fin à ce sinistre affaire .",A,A
"Monsieur DUPUIS et Monsieur TOURN être élire membre de le commission budgétaire à+le titre de+le personnel IATOS , par consensus .",A,A
Monsieur BOUTILLIER observer avec satisfaction que tout le candidat à+le bureau de+le CA se_expl recommander de le intérêt général .,A,A
"Monsieur VALLOTTON indiquer que le procédure Ravel pour 1991 avoir entraîner un mois de retard pour le affectation de+le étudiant , ce qui faire que on ne pouvoir absolument pas comparer le chiffre de fin juillet 90 et celui de fin juillet 1991 .",A,A
blanc : 3,A,A
"licence LCE ( spécialisation allemand , espagnol , italien , russe )",A,A
Monsieur ROSSETTI préciser que le possibilité de+le remboursement lui sembler acquérir .,A,A
"après avoir vérifier que le quorum être atteindre , le président ouvrir le séance et proposer de examiner le décision budgétaire modificatif n° 5 en point 2 de le ordre de+le jour .",A,A
"en ce qui concerner le accès à+le listing informatique sur le état de+le inscription , lui souhaiter le impression de document consultable par tout le membre de+le conseil de administration en vue de un discussion et de un modification de+le procédure pour le année ultérieur .",A,A
lui assurer le formation de+le utilisateur ;,A,A
le budget devoir rester un outil .,A,A
"pour son part , participer à ce section lui poser un problème , lui souhaiter donc en discuter pour essayer de dégager un volontaire .",A,A
"Monsieur AUDEOUD , en réponse à Monsieur Brunet , indiquer que M.RAMOUNI avoir être présenter comme le responsable associatif de « Ziva » .",A,A
"Mlle Ballon ( suppléant : Mlle FAVARO ) être élire membre de+le BCA à+le titre de+le usager , par consensus .",A,A
Monsieur Celeste inviter le membre de+le conseil de administration à procéder à+le vote .,A,A
celui-ci accepter .,A,A
"Mademoiselle FAVARO annoncer le trois candidat étudiant : Mlle BENHEBRI , Mlle FAVARO et Monsieur Amar .",A,A
"lui lui parer important que le chambre de commerce , présent dans le monde de le enseignement , être représenter à Paris X .",A,A
"ce ouvrage ne être pas spécifiquement subventionner ( eux pouvoir recevoir un aide à le publication de+le conseil scientifique de le université , comme celui qui être publier chez un autre éditeur ) .",A,A
pour : 25 ;,A,A
Monsieur MADEUF remercier le personnalité extérieur pour le intérêt que eux manifester à le université .,A,A
accord entre le université de Paris X - Nanterre et le université de Essex ( Royaume-uni ) :,A,A
le président indiquer que le IUT de Cergy avoir demander son rattachement à le nouveau université de Cergy mais que lui ne avoir pas encore recevoir le procès-verbal de+le conseil de le IUT .,A,A
le bourse Erasmus être en augmentation : 1.067.000 franc en 1990 contre 645.000 franc en 1989 .,A,A
un marchandage ne être donc pas possible .,A,A
Monsieur LABICA demander si le propos de Monsieur le PELLEC se_expl inscrire dans le cadre de le LOLF .,A,A
Monsieur hiver demander le autorisation de lire un texte de+le SGEN sur ce qui se_expl passer à le IUT de Vélizy .,A,A
lui faciliter le échange de expérience et assurer le information de+le établissement sur le évolution de+le matériel .,A,A
Monsieur Estelle déclarer que pour le membre IATOS le appartenance à+le CA ne être pas obligatoire .,A,A
"pour 575 place restant en juillet , il_expl y avoir avoir 1880 premier voeu dans le secteur qui nous avoir être attribuer par le rectorat .",A,A
ce IUT se_expl situer dans le parc technologique de Gennevilliers .,A,A
"Monsieur Gibert attirer le attention de+le membre de+le conseil sur le dernier transfert de heure complémentaire entre composante , en particulier sur le principe qui avoir être proposer par le commission budgétaire .",A,A
lui avoir un rôle limité .,A,A
Monsieur LAKS faire valoir sur le plan formel que le texte annexer à ce procès verbal concernant le encadrement de+le master rechercher ne reprendre pas le version amander officiellement .,A,A
Monsieur ZIGHERA penser que on pouvoir recommander à+le U.F.R de retarder certain dépense de fin de année .,A,A
"si le deux être élire , le pluralisme être pouvoir être trop important .",A,A
lui suggérer que le crèche être installer dans le futur maison de le étudiant .,A,A
le PRESIDENT préciser que le rectorat de Créteil disposer de tout le information nécessaire et que nous ne être pas responsable de son agissement .,A,A
"gestion financier classique , formation de responsable de le finance .",A,A
"Monsieur Choisel préciser que le subvention annuel de+le conseil général à le université être de 900 000 euro , et informer le conseil que tout le demande de aide de+le conseil général à+le colloque devoir passer et être viser par le présidence de le université .",A,A
"Mademoiselle FAVARO annoncer que Mlle Ballon soi porter candidat , avec Mlle FAVARO en suppléant , à+le titre de+le usager .",A,A
Monsieur AUDEOUD avoir demander à Danielle LEEMAN un audit sur le place de+le science dans son université .,A,A
lui inviter le ensemble de+le partenaire à faire ressortir son besoin .,A,A
"Mlle Ballon et Monsieur GRIMICH être élire membre de le commission de+le statut et de+le structure à+le titre de+le usager , par consensus .",A,A
le conseil de administration adopter à le majorité de+le membre présent ou représenter le convention avoir faire le objet de un avis favorable de+le bureau de+le CA de+le 12 septembre 2005 ( cf annexe 5 ) .,A,A
ce bâtiment devoir recevoir le service de accueil de+le étudiant .,A,A
commission de sécurité :,A,A
"Monsieur SAPORTA indiquer que lui avoir lui-même participer à un réunion de travail à+le rectorat de Créteil fin juillet , où lui avoir faire état un place diponible en lettre et en psychologie .",A,A
le université avoir besoin de tout le compétence .,A,A
"Monsieur Imberty rendre hommage à+le personnel administratif présent , qui assurer le continuité de+le service public .",A,A
lui rappeler que deux tranche de financement avoir avoir lieu à le IUT de ville de Avray .,A,A
DU de second cycle : responsable de structure associatif de jeune enfant .,A,A
cela représenter de+le temps même si lui se_expl investir avec un grand plaisir .,A,A
pour : 29 .,A,A
Monsieur Imberty déclarer que tout attribution de local être révisable .,A,A
Monsieur HANEN demander selon quel modalité être mutualiser le centre de calcul .,A,A
le budget de le exercice 1991 :,A,A
Monsieur VOILLIOT partager le argumentation de Monsieur BOUTILLIER .,A,A
le autorité légal de le IUT de ville de Avray avoir être bafouer .,A,A
"lui se_expl être toutefois attacher à vérifier le maquette proposer , en particulier son conformité à+le volume horaire fixer par le ministère .",A,A
Mademoiselle FAVARO annoncer le candidature de Mlle PION et de Monsieur BOUT de MARHNAC .,A,A
"un commission social de établissement aller être mettre en place à le université de Paris X - Nanterre , conformément à le circulaire de+le ministère de le Education national en date de+le 17 juillet 1991 .",A,A
"Monsieur MADEUF faire remarquer que le avant-dernier paragraphe être excessif dans le formulation ( « le majorité de+le bâtiment ( A , B , C , D , E , F , G et le IUT de ville de Avray ) avoir recevoir un avis défavorable de le commission hygiène et sécurité » ) .",A,A
Christiane GUILLARD devoir mener un réflexion sur le enseignement et le futur bâtiment de+le Langues .,A,A
Monsieur Estelle pointer un contradiction entre le premier paragraphe et le fait que pour certain bâtiment on avoir un avis défavorable de le commission .,A,A
abstention : 3 .,A,A
économie de+le travail et de+le ressource humain,A,A
Monsieur Celeste préciser que le dossier de expertise avoir être approuver par le CA en septembre 2001 .,A,A
eux lui dépasser sans soi soucier outre mesure de le liquidation de+le heure et il_expl y avoir un dépassement considérable .,A,A
trois représentant de+le collectivité territorial désigner par le recteur en concertation avec le président de le université :,A,A
un amphithéâtre servir également de salle de spectacle être prévoir mais le ministère ne y être guère favorable actuellement .,A,A
"Monsieur PUICHAUD-CHAUDOT ( suppléant : Monsieur Estelle ) être élire membre de+le BCA à+le titre de+le personnel IATOS , par consensus .",A,A
Monsieur MADEUF déclarer que le motion devoir être compléter .,A,A
le conseil de administration avoir approuver le liste de+le membre de le section disciplinaire à le égard de+le usager :,A,A
le capital être passer de 50 000 à 500 000 franc et le personnel de 2 à 10 salarié .,A,A
Mademoiselle BENHEBRI signaler que ce ne être pas son suppléant qui être présent à+le conseil de administration de+le 7 avril mais bien lui-même .,A,A
Monsieur VOILLIOT proposer un amendement sur le premier phrase de le motion : « se_expl inquiéter de le logique inégalitaire que sous-tendre le opération campus » .,A,A
"il_expl falloir réussir , avec le desserrement résulter de+le nouveau construction , à augmenter le nombre de bureau de enseignant , de bureau de chercheur et de salle de recherche , ce qui avoir un conséquence positif pour le amélioration de+le suivi de+le étudiant et de le recherche .",A,A
le rattachement à+le budget de nouveau subvention et le ajustement de+le prévision à+le notification définitif .,A,A
FAUX NÉGATIFS, , 
"le conseil de administration se_expl prononcer contre le reconduction en le état de le convention avec IFG , à le unanimité de+le suffrage valablement exprimer par son membre présent ou représenter le 22 avril 2013 :",D,A
"Monsieur GUINOT expliquer que lui être défavorable à ce que le porte coupe- feu de le barre A à E pouvoir être en position ouvrir puisque en tant que responsable de le sécurité , lui constater quotidiennement de+le acte de sabotage de+le installation technique ( pose de antivol sur le issue de secours , déclenchement un système de alarme ... ) .",D,A
"lui souhaiter un ajout , afin de préciser que le conseil de administration se_expl prononcer également contre le ponction effectuer par le ministère .",D,A
"Monsieur DARRIULAT faire un remarque de forme : à le commission de+le statut , on avoir parler et affirmer le transformation de le IUT , non pas en institut , comme lui souhaiter le ministère , mais en UFR . lui être surprendre de ce nouveau décision .",D,A
"sur le forme , lui considérer anormal que ce question majeur pour le avenir de le université avoir être jusque à présent un domaine réserver de le conférence de+le président de université ( CPU ) et de+le ministre .",D,A
"lui indiquer que le non-disponibilité de certain enseignant pour le tenue de+le bureau de vote avoir être remarquer , ce qui lui sembler regrettable .",D,A
le étudiant être contre le mise en place de+le test de septembre pour celui qui être déjà inscrire en Lea .,D,A
""" le conseil de administration , tout en être conscient de le effort financier représenter par le contrat proposer à le université , trouver inacceptable que le moyen indispensable en personnel , dont ce effort devoir être assortir , ne être même pas prendre en compte .",D,A
Monsieur GENOT déclarer solennellement que il_expl être intolérable que un groupe quel que lui être avoir pouvoir empêcher un électeur de exercer librement son droit de vote .,D,A
""" le conseil de administration de le université de Paris X-Nanterre , rappeler le exécution sommaire et le incarcération de étudiant et de intellectuel chinois après le événement de Tien An Men , se_expl prononcer contre le établissement de relation avec le université de Pékin en le absence de avancée démocratique dans ce pays "" .",D,A
"le intersyndicale rappeler que en le absence de moyen supplémentaire , le personnel BIATOS rester hostile à le ouverture de le IUT .",D,A
Monsieur GIBERT affirmer avoir également être troubler par le envoi de ce mail et de ce courrier quelque jour après le délibération de+le conseil de administration .,D,A
Monsieur MADEUF estimer que ce position pouvoir être préjudiciable à le institution .,D,A
"de autre part , pour un université qui venir de avoir un habilitation de second cycle de étude théâtral ce être regrettable de ne pouvoir répondre à ce demande .",D,A
"Monsieur Croix répondre que aucun administrateur ne avoir être destinataire de+le calendrier de+le prochain réunion de+le conseil de administration , ce qui être pour le moins regrettable .",D,A
"lui ajouter que en ce qui concerner le formation de+le maître , si lui être content de avoir obtenir un réponse lui aimer aussi connaître ce que le philosophe en penser , car le collège S.H.C être un chose mais le institut ne faire pas que cela et lui être étonner que le formation de+le maître être renvoyer à+le disposition commun ( Phychologie-Philosophie-Sociologie-Linguiste ) dans le cadre de+le collège S.H.C.",D,A
"Monsieur PAIN être défavorable à+le préalable : il_expl y avoir plusieurs motion , le affaire être grave , aussi ce question devoir être débattre .",D,A
Monsieur VOILLIOT trouver regrettable le manque de temps accorder pour le choix de un personnalité extérieur représenter le organisation de+le salarié .,D,A
« le conseil de administration de Paris X- Nanterre considérer comme néfaste le mesure prévoir relatif à le ARTT dans le Fonction public .,D,A
"Monsieur TALLINEAU se_expl déclarer très surprise que un décision aussi important de tenir le CA avec un représentant extérieur qui assister à le intégralité de+le CA , avoir être prendre .",D,A
"Monsieur LAKS estimer que il_expl être choquant de ne pas diffuser , dans le même temps , le délibération de+le conseil de administration en date du 27 juin 2005 ainsi que son argumentaire .",D,A
"Monsieur PERL se_expl dire surprendre par le composition de+le conseil de+le SCUlOP ( cinq membre de droit , deux membre élire , trois désigner par le CFVU et deux personnalité extérieur ) .",D,A
"le conseil de le B.U qui se_expl être réunir le 14 décembre , avoir définir son position dans le motion suivant : "" le conseil de le B.U avoir décider de ne pas soi prononcer sur le proposition de le D.B.M.I.S.T , estimer regrettable de ne avoir pas avoir un choix entre le candidature dont lui être faire mention dans le lettre de le administration central du 13 décembre 1984 "" ( texte adopter par 11 voix et 1 abstention ) .",D,A
"lui juger par ailleurs regrettable que le commission sur le règlement intérieur ne avoir pas transmettre plus en amont son conclusion car le membre de ce instance , qui ne siéger pas en conseil de administration , avoir apprécier de pouvoir participer à+le présent débat .",D,A
Monsieur Chapet être surprendre de le insistance à vouloir qualifier un démarche politique le action de le équipe présidentiel .,D,A
"le membre de+le conseil juger insuffisant le élément relatif à le fraude en licence , le président proposer de renvoyer le question à un autre conseil et de surseoir à le délivrance de+le diplôme .",D,A
